{
  "version": "6.0",
  "nxVersion": "17.1.1",
  "deps": {
    "@emotion/react": "^11.11.1",
    "@emotion/styled": "^11.11.0",
    "@mui/material": "^5.14.17",
    "@nestjs/common": "^10.0.2",
    "@nestjs/core": "^10.0.2",
    "@nestjs/platform-express": "^10.0.2",
    "@nestjs/swagger": "^7.1.15",
    "@swc/helpers": "~0.5.2",
    "axios": "^1.0.0",
    "react": "18.2.0",
    "react-dom": "18.2.0",
    "react-router-dom": "^6.18.0",
    "reflect-metadata": "^0.1.13",
    "rxjs": "^7.8.0",
    "tslib": "^2.3.0",
    "usehooks-ts": "^2.9.1",
    "@babel/core": "^7.14.5",
    "@babel/preset-react": "^7.14.5",
    "@emotion/babel-plugin": "11.11.0",
    "@faker-js/faker": "^8.2.0",
    "@nestjs/schematics": "^10.0.1",
    "@nestjs/testing": "^10.0.2",
    "@nx/cypress": "17.1.1",
    "@nx/eslint": "17.1.1",
    "@nx/eslint-plugin": "17.1.1",
    "@nx/jest": "17.1.1",
    "@nx/js": "17.1.1",
    "@nx/nest": "^17.1.1",
    "@nx/node": "17.1.1",
    "@nx/react": "17.1.1",
    "@nx/vite": "17.1.1",
    "@nx/webpack": "17.1.1",
    "@nx/workspace": "17.1.1",
    "@swc-node/register": "~1.6.7",
    "@swc/cli": "~0.1.62",
    "@swc/core": "~1.3.85",
    "@testing-library/jest-dom": "^6.1.4",
    "@testing-library/react": "^14.0.0",
    "@testing-library/user-event": "^14.5.1",
    "@types/jest": "^29.4.0",
    "@types/node": "18.14.2",
    "@types/react": "18.2.33",
    "@types/react-dom": "18.2.14",
    "@typescript-eslint/eslint-plugin": "^6.9.1",
    "@typescript-eslint/parser": "^6.9.1",
    "@vitejs/plugin-react": "~4.0.0",
    "@vitest/coverage-c8": "~0.32.0",
    "@vitest/ui": "~0.32.0",
    "babel-jest": "^29.4.1",
    "cypress": "^13.0.0",
    "cz-conventional-changelog": "^3.3.0",
    "eslint": "~8.46.0",
    "eslint-config-prettier": "^9.0.0",
    "eslint-plugin-cypress": "^2.13.4",
    "eslint-plugin-import": "2.27.5",
    "eslint-plugin-jsx-a11y": "6.7.1",
    "eslint-plugin-react": "7.32.2",
    "eslint-plugin-react-hooks": "4.6.0",
    "jest": "^29.4.1",
    "jest-environment-jsdom": "^29.4.1",
    "jest-environment-node": "^29.4.1",
    "jsdom": "~22.1.0",
    "nx": "17.1.1",
    "openapi-typescript-codegen": "^0.25.0",
    "prettier": "^2.6.2",
    "ts-jest": "^29.1.0",
    "ts-node": "10.9.1",
    "typescript": "~5.2.2",
    "vite": "~4.3.9",
    "vitest": "~0.32.0"
  },
  "pathMappings": {
    "@hr-acuity/elements": [
      "libs/ui/elements/src/index.ts"
    ],
    "@hr-acuity/testing": [
      "libs/ui/testing/src/index.ts"
    ],
    "@hr-acuity/ui/auth": [
      "libs/ui/auth/src/index.ts"
    ],
    "@hr-acuity/ui/generated": [
      "libs/ui/generated/src/index.ts"
    ],
    "@hr-acuity/ui/http": [
      "libs/ui/http/src/index.ts"
    ],
    "@hr-acuity/ui/utils": [
      "libs/ui/utils/src/index.ts"
    ]
  },
  "nxJsonPlugins": [],
  "fileMap": {
    "nonProjectFiles": [
      {
        "file": ".editorconfig",
        "hash": "5443105041930014821"
      },
      {
        "file": ".eslintignore",
        "hash": "7663861978715868291"
      },
      {
        "file": ".eslintrc.json",
        "hash": "15293579404705510523"
      },
      {
        "file": ".gitignore",
        "hash": "16877376182141465221"
      },
      {
        "file": ".nx/cache/d/daemon.log",
        "hash": "15022840752163850279"
      },
      {
        "file": ".nx/cache/d/server-process.json",
        "hash": "11442196169312423800"
      },
      {
        "file": ".nx/cache/file-map.json",
        "hash": "10649190269873523364"
      },
      {
        "file": ".nx/cache/lockfile.hash",
        "hash": "11521537294841698068"
      },
      {
        "file": ".nx/cache/parsed-lock-file.json",
        "hash": "2509300069115836930"
      },
      {
        "file": ".nx/cache/project-graph.json",
        "hash": "13681709163211841551"
      },
      {
        "file": ".nx/cache/project-graph.json~1ab858d8",
        "hash": "13681709163211841551"
      },
      {
        "file": ".nx/cache/terminalOutputs/11660014163149812839",
        "hash": "9579792144909570032"
      },
      {
        "file": ".nx/cache/terminalOutputs/12839021197572712829",
        "hash": "4771357113040747793"
      },
      {
        "file": ".nx/cache/terminalOutputs/18280520787337722901",
        "hash": "9306359447448579210"
      },
      {
        "file": ".nx/cache/terminalOutputs/4438180419619378319",
        "hash": "11379153694994494824"
      },
      {
        "file": ".nx/cache/terminalOutputs/8587781147350332933",
        "hash": "4771357113040747793"
      },
      {
        "file": ".nx/cache/terminalOutputs/9793713751768214122",
        "hash": "4771357113040747793"
      },
      {
        "file": ".prettierignore",
        "hash": "16448050467312557263"
      },
      {
        "file": ".prettierrc",
        "hash": "16267754514737964994"
      },
      {
        "file": ".vscode/extensions.json",
        "hash": "4637156562308165301"
      },
      {
        "file": "README.md",
        "hash": "7806102298726484763"
      },
      {
        "file": "cypress/e2e/1-getting-started/todo.cy.js",
        "hash": "2818232569560774082"
      },
      {
        "file": "cypress/e2e/2-advanced-examples/actions.cy.js",
        "hash": "315860228949534686"
      },
      {
        "file": "cypress/e2e/2-advanced-examples/aliasing.cy.js",
        "hash": "18311887177345868414"
      },
      {
        "file": "cypress/e2e/2-advanced-examples/assertions.cy.js",
        "hash": "6207496575180533741"
      },
      {
        "file": "cypress/e2e/2-advanced-examples/connectors.cy.js",
        "hash": "59034261821968830"
      },
      {
        "file": "cypress/e2e/2-advanced-examples/cookies.cy.js",
        "hash": "1591115306807635348"
      },
      {
        "file": "cypress/e2e/2-advanced-examples/cypress_api.cy.js",
        "hash": "15694055627211626844"
      },
      {
        "file": "cypress/e2e/2-advanced-examples/files.cy.js",
        "hash": "17949351610885233640"
      },
      {
        "file": "cypress/e2e/2-advanced-examples/location.cy.js",
        "hash": "8376870708802352719"
      },
      {
        "file": "cypress/e2e/2-advanced-examples/misc.cy.js",
        "hash": "364464130497919824"
      },
      {
        "file": "cypress/e2e/2-advanced-examples/navigation.cy.js",
        "hash": "2701621596507220689"
      },
      {
        "file": "cypress/e2e/2-advanced-examples/network_requests.cy.js",
        "hash": "7651982888087817208"
      },
      {
        "file": "cypress/e2e/2-advanced-examples/querying.cy.js",
        "hash": "1048162773914822673"
      },
      {
        "file": "cypress/e2e/2-advanced-examples/spies_stubs_clocks.cy.js",
        "hash": "8523860377086252753"
      },
      {
        "file": "cypress/e2e/2-advanced-examples/storage.cy.js",
        "hash": "9162376066720865403"
      },
      {
        "file": "cypress/e2e/2-advanced-examples/traversal.cy.js",
        "hash": "15067570857743405968"
      },
      {
        "file": "cypress/e2e/2-advanced-examples/utilities.cy.js",
        "hash": "12716440575010080483"
      },
      {
        "file": "cypress/e2e/2-advanced-examples/viewport.cy.js",
        "hash": "16488292178644517657"
      },
      {
        "file": "cypress/e2e/2-advanced-examples/waiting.cy.js",
        "hash": "5324560285338190932"
      },
      {
        "file": "cypress/e2e/2-advanced-examples/window.cy.js",
        "hash": "5244387326083010912"
      },
      {
        "file": "cypress/fixtures/example.json",
        "hash": "11785586596216172004"
      },
      {
        "file": "cypress/support/commands.ts",
        "hash": "9883532909609567882"
      },
      {
        "file": "cypress/support/e2e.ts",
        "hash": "9400169756472368457"
      },
      {
        "file": "cypress.config.ts",
        "hash": "782018314816682497"
      },
      {
        "file": "dist/apps/api/assets/.gitkeep",
        "hash": "3244421341483603138"
      },
      {
        "file": "dist/apps/api/main.js",
        "hash": "1303695369291767993"
      },
      {
        "file": "dist/apps/api/main.js.map",
        "hash": "4815988792215860774"
      },
      {
        "file": "jest.config.ts",
        "hash": "12333515226966617182"
      },
      {
        "file": "jest.preset.js",
        "hash": "9430166341120122740"
      },
      {
        "file": "nx.json",
        "hash": "17578406759633788592"
      },
      {
        "file": "package-lock.json",
        "hash": "5457624399079213733"
      },
      {
        "file": "package.json",
        "hash": "10324781169867874249"
      },
      {
        "file": "tsconfig.base.json",
        "hash": "8317264128108017461"
      }
    ],
    "projectFileMap": {
      "ui-http": [
        {
          "file": "libs/ui/http/.babelrc",
          "hash": "12229791027711577977"
        },
        {
          "file": "libs/ui/http/.eslintrc.json",
          "hash": "15946965712701950674"
        },
        {
          "file": "libs/ui/http/README.md",
          "hash": "7131858519425977812"
        },
        {
          "file": "libs/ui/http/jest.config.ts",
          "hash": "11513069047638072706"
        },
        {
          "file": "libs/ui/http/project.json",
          "hash": "15007221732970098565"
        },
        {
          "file": "libs/ui/http/src/index.ts",
          "hash": "4192363623988193682"
        },
        {
          "file": "libs/ui/http/src/lib/http.tsx",
          "hash": "10100060585009871387",
          "deps": [
            "npm:axios",
            "ui-auth"
          ]
        },
        {
          "file": "libs/ui/http/src/lib/types.ts",
          "hash": "4244971240056557198"
        },
        {
          "file": "libs/ui/http/tsconfig.json",
          "hash": "13907040950227867846"
        },
        {
          "file": "libs/ui/http/tsconfig.lib.json",
          "hash": "12782505187182166395"
        },
        {
          "file": "libs/ui/http/tsconfig.spec.json",
          "hash": "622485232520597903"
        }
      ],
      "elements": [
        {
          "file": "libs/ui/elements/.babelrc",
          "hash": "12229791027711577977"
        },
        {
          "file": "libs/ui/elements/.eslintrc.json",
          "hash": "15946965712701950674"
        },
        {
          "file": "libs/ui/elements/README.md",
          "hash": "17949341663808431484"
        },
        {
          "file": "libs/ui/elements/jest.config.ts",
          "hash": "8160070450465796535"
        },
        {
          "file": "libs/ui/elements/project.json",
          "hash": "13194904579310650615"
        },
        {
          "file": "libs/ui/elements/src/index.ts",
          "hash": "1416146066706132159"
        },
        {
          "file": "libs/ui/elements/src/lib/error-text/error-text.tsx",
          "hash": "1250664291478276437",
          "deps": [
            "npm:@mui/system"
          ]
        },
        {
          "file": "libs/ui/elements/src/lib/error-text/index.ts",
          "hash": "9544290501486877300"
        },
        {
          "file": "libs/ui/elements/src/lib/textarea/index.ts",
          "hash": "17166658364740444996"
        },
        {
          "file": "libs/ui/elements/src/lib/textarea/textarea.tsx",
          "hash": "15593935820217080179",
          "deps": [
            "npm:@mui/base",
            "npm:@mui/system"
          ]
        },
        {
          "file": "libs/ui/elements/tsconfig.json",
          "hash": "13907040950227867846"
        },
        {
          "file": "libs/ui/elements/tsconfig.lib.json",
          "hash": "12782505187182166395"
        },
        {
          "file": "libs/ui/elements/tsconfig.spec.json",
          "hash": "622485232520597903"
        }
      ],
      "ui-generated": [
        {
          "file": "libs/ui/generated/.eslintrc.json",
          "hash": "9703569748258640057"
        },
        {
          "file": "libs/ui/generated/README.md",
          "hash": "2441811194795949207"
        },
        {
          "file": "libs/ui/generated/project.json",
          "hash": "12255287434287993329"
        },
        {
          "file": "libs/ui/generated/src/index.ts",
          "hash": "8659468151358309625"
        },
        {
          "file": "libs/ui/generated/src/lib/generated/index.ts",
          "hash": "18193596823064673364"
        },
        {
          "file": "libs/ui/generated/src/lib/generated/models/CreateMessage.ts",
          "hash": "12430744739232607223"
        },
        {
          "file": "libs/ui/generated/src/lib/generated/models/Login.ts",
          "hash": "7025332598621389066"
        },
        {
          "file": "libs/ui/generated/src/lib/generated/models/Message.ts",
          "hash": "11388998443577550299"
        },
        {
          "file": "libs/ui/generated/src/lib/generated/models/UpdateMessage.ts",
          "hash": "154195264282433989"
        },
        {
          "file": "libs/ui/generated/src/lib/generated/models/User.ts",
          "hash": "18353703903446986375"
        },
        {
          "file": "libs/ui/generated/tsconfig.json",
          "hash": "11362601880824838265"
        },
        {
          "file": "libs/ui/generated/tsconfig.lib.json",
          "hash": "5554291030212586824"
        }
      ],
      "api": [
        {
          "file": "apps/api/.eslintrc.json",
          "hash": "13800677001662881425"
        },
        {
          "file": "apps/api/jest.config.ts",
          "hash": "9483968714649439783"
        },
        {
          "file": "apps/api/project.json",
          "hash": "16182330418106381208"
        },
        {
          "file": "apps/api/src/app/app.controller.ts",
          "hash": "13487146980998433785",
          "deps": [
            "npm:@nestjs/common",
            "npm:@nestjs/swagger"
          ]
        },
        {
          "file": "apps/api/src/app/app.module.ts",
          "hash": "1916843273722367298",
          "deps": [
            "npm:@nestjs/common"
          ]
        },
        {
          "file": "apps/api/src/app/messages/index.ts",
          "hash": "9598767040497260706"
        },
        {
          "file": "apps/api/src/app/messages/messages.module.ts",
          "hash": "17452492582769904469",
          "deps": [
            "npm:@nestjs/common"
          ]
        },
        {
          "file": "apps/api/src/app/messages/messges.controller.ts",
          "hash": "7226024134626305258",
          "deps": [
            "npm:@nestjs/common",
            "npm:@nestjs/swagger"
          ]
        },
        {
          "file": "apps/api/src/app/messages/models.ts",
          "hash": "2971181339701198575",
          "deps": [
            "npm:@nestjs/swagger"
          ]
        },
        {
          "file": "apps/api/src/app/messages/seed-data.ts",
          "hash": "7382747491500451916",
          "deps": [
            "npm:@faker-js/faker"
          ]
        },
        {
          "file": "apps/api/src/app/models.ts",
          "hash": "10567227541856376788",
          "deps": [
            "npm:@nestjs/swagger"
          ]
        },
        {
          "file": "apps/api/src/assets/.gitkeep",
          "hash": "3244421341483603138"
        },
        {
          "file": "apps/api/src/main.ts",
          "hash": "1240791592092306734",
          "deps": [
            "npm:@nestjs/common",
            "npm:@nestjs/core",
            "npm:@nestjs/swagger"
          ]
        },
        {
          "file": "apps/api/tsconfig.app.json",
          "hash": "3171572500325445971"
        },
        {
          "file": "apps/api/tsconfig.json",
          "hash": "3490524966360018312"
        },
        {
          "file": "apps/api/tsconfig.spec.json",
          "hash": "11550347367511341917"
        },
        {
          "file": "apps/api/webpack.config.js",
          "hash": "10619490397189790225",
          "deps": [
            "npm:@nx/webpack"
          ]
        }
      ],
      "client": [
        {
          "file": "apps/client/.eslintrc.json",
          "hash": "11012487992710232822"
        },
        {
          "file": "apps/client/index.html",
          "hash": "13734680420126172063"
        },
        {
          "file": "apps/client/project.json",
          "hash": "780126228698101265"
        },
        {
          "file": "apps/client/proxy.conf.json",
          "hash": "11281046345527164812"
        },
        {
          "file": "apps/client/public/favicon.ico",
          "hash": "9303420814833116677"
        },
        {
          "file": "apps/client/src/app/account/account.tsx",
          "hash": "6398975394390276284",
          "deps": [
            "npm:react-router-dom"
          ]
        },
        {
          "file": "apps/client/src/app/account/index.ts",
          "hash": "1259918280655135165"
        },
        {
          "file": "apps/client/src/app/account/login/index.ts",
          "hash": "4685521742094777712"
        },
        {
          "file": "apps/client/src/app/account/login/login.tsx",
          "hash": "4540154685783988053",
          "deps": [
            "npm:@emotion/styled",
            "npm:@mui/material",
            "npm:react",
            "ui-auth",
            "elements"
          ]
        },
        {
          "file": "apps/client/src/app/app.tsx",
          "hash": "10077500096747253350",
          "deps": [
            "npm:@mui/material",
            "npm:react",
            "ui-auth",
            "ui-http"
          ]
        },
        {
          "file": "apps/client/src/app/authenticated/authenticated.tsx",
          "hash": "4599955476669894282",
          "deps": [
            "npm:@emotion/styled",
            "npm:@mui/material",
            "npm:@mui/system",
            "npm:react",
            "npm:react-router-dom",
            "ui-auth"
          ]
        },
        {
          "file": "apps/client/src/app/authenticated/index.ts",
          "hash": "16101288057730360757"
        },
        {
          "file": "apps/client/src/app/authenticated/messages/create-message/create-message.spec.tsx",
          "hash": "4935122049039542010",
          "deps": [
            "npm:@testing-library/react",
            "npm:vitest",
            "testing",
            "npm:react-dom"
          ]
        },
        {
          "file": "apps/client/src/app/authenticated/messages/create-message/create-message.tsx",
          "hash": "8788222825228179663",
          "deps": [
            "npm:@emotion/styled",
            "npm:@mui/material",
            "npm:react",
            "elements"
          ]
        },
        {
          "file": "apps/client/src/app/authenticated/messages/create-message/index.ts",
          "hash": "11969865625795450721"
        },
        {
          "file": "apps/client/src/app/authenticated/messages/index.ts",
          "hash": "17041421225553754710"
        },
        {
          "file": "apps/client/src/app/authenticated/messages/massages.context.ts",
          "hash": "9308578612854938029",
          "deps": [
            "npm:react"
          ]
        },
        {
          "file": "apps/client/src/app/authenticated/messages/message-editor/index.ts",
          "hash": "3257332062602423310"
        },
        {
          "file": "apps/client/src/app/authenticated/messages/message-editor/message-editor.tsx",
          "hash": "14504523740640324303",
          "deps": [
            "npm:@emotion/styled",
            "npm:@mui/material",
            "npm:react",
            "elements",
            "ui-generated"
          ]
        },
        {
          "file": "apps/client/src/app/authenticated/messages/messages.reducer.spec.ts",
          "hash": "14682551774114180479",
          "deps": [
            "npm:react",
            "npm:vitest",
            "testing",
            "ui-http"
          ]
        },
        {
          "file": "apps/client/src/app/authenticated/messages/messages.reducer.ts",
          "hash": "4085647612517647919",
          "deps": [
            "npm:react",
            "ui-generated",
            "ui-http",
            "ui-utils"
          ]
        },
        {
          "file": "apps/client/src/app/authenticated/messages/messages.tsx",
          "hash": "4988700528339023743",
          "deps": [
            "npm:@mui/material",
            "npm:react",
            "npm:@emotion/styled",
            "elements",
            "ui-generated"
          ]
        },
        {
          "file": "apps/client/src/app/authenticated/messages/types.ts",
          "hash": "13059307053782390798",
          "deps": [
            "ui-generated"
          ]
        },
        {
          "file": "apps/client/src/app/authenticated/messages/utils.spec.ts",
          "hash": "18272535657416994500",
          "deps": [
            "npm:vitest",
            "testing"
          ]
        },
        {
          "file": "apps/client/src/app/authenticated/messages/utils.ts",
          "hash": "14158338687947367831",
          "deps": [
            "ui-generated"
          ]
        },
        {
          "file": "apps/client/src/app/authenticated/search/index.ts",
          "hash": "9950761374825835139"
        },
        {
          "file": "apps/client/src/app/authenticated/search/search.tsx",
          "hash": "8638402366863525730",
          "deps": [
            "npm:@mui/material",
            "npm:react",
            "npm:usehooks-ts"
          ]
        },
        {
          "file": "apps/client/src/app/index.ts",
          "hash": "5103428120964715026"
        },
        {
          "file": "apps/client/src/assets/.gitkeep",
          "hash": "3244421341483603138"
        },
        {
          "file": "apps/client/src/main.tsx",
          "hash": "1739027878430196135",
          "deps": [
            "npm:@emotion/react",
            "npm:react",
            "npm:react-dom",
            "npm:react-router-dom",
            "ui-auth"
          ]
        },
        {
          "file": "apps/client/src/utils.ts",
          "hash": "4013948015357497966",
          "deps": [
            "ui-generated",
            "ui-http",
            "ui-utils"
          ]
        },
        {
          "file": "apps/client/tsconfig.app.json",
          "hash": "7232119452847825095"
        },
        {
          "file": "apps/client/tsconfig.json",
          "hash": "17994410774201614780"
        },
        {
          "file": "apps/client/tsconfig.spec.json",
          "hash": "17874504027954657085"
        },
        {
          "file": "apps/client/vite.config.ts",
          "hash": "1786001772841890637",
          "deps": [
            "npm:vite",
            "npm:@vitejs/plugin-react",
            "npm:@nx/vite"
          ]
        }
      ],
      "testing": [
        {
          "file": "libs/ui/testing/.babelrc",
          "hash": "12229791027711577977"
        },
        {
          "file": "libs/ui/testing/.eslintrc.json",
          "hash": "15946965712701950674"
        },
        {
          "file": "libs/ui/testing/README.md",
          "hash": "12442714054455401370"
        },
        {
          "file": "libs/ui/testing/project.json",
          "hash": "15842316600041153925"
        },
        {
          "file": "libs/ui/testing/src/index.ts",
          "hash": "7213700322391969986"
        },
        {
          "file": "libs/ui/testing/src/lib/mocks.tsx",
          "hash": "9800188106568644634",
          "deps": [
            "npm:@faker-js/faker",
            "ui-generated"
          ]
        },
        {
          "file": "libs/ui/testing/src/lib/testing-providers.tsx",
          "hash": "4246013838843959201",
          "deps": [
            "npm:@mui/material",
            "npm:react"
          ]
        },
        {
          "file": "libs/ui/testing/tsconfig.json",
          "hash": "8954649047947899864"
        },
        {
          "file": "libs/ui/testing/tsconfig.lib.json",
          "hash": "12782505187182166395"
        }
      ],
      "ui-auth": [
        {
          "file": "libs/ui/auth/.babelrc",
          "hash": "12229791027711577977"
        },
        {
          "file": "libs/ui/auth/.eslintrc.json",
          "hash": "15946965712701950674"
        },
        {
          "file": "libs/ui/auth/README.md",
          "hash": "5276577673894609185"
        },
        {
          "file": "libs/ui/auth/jest.config.ts",
          "hash": "2715732087873429270"
        },
        {
          "file": "libs/ui/auth/project.json",
          "hash": "5238162079520574317"
        },
        {
          "file": "libs/ui/auth/src/index.ts",
          "hash": "6892433184013868514"
        },
        {
          "file": "libs/ui/auth/src/lib/auth.context.tsx",
          "hash": "18274310065497922339",
          "deps": [
            "npm:react"
          ]
        },
        {
          "file": "libs/ui/auth/src/lib/auth.provider.tsx",
          "hash": "10023681929894807206",
          "deps": [
            "npm:react",
            "ui-generated"
          ]
        },
        {
          "file": "libs/ui/auth/src/lib/auth.spec.tsx",
          "hash": "14359644367614098999",
          "deps": [
            "npm:@testing-library/react",
            "npm:@testing-library/user-event",
            "npm:@testing-library/jest-dom",
            "testing"
          ]
        },
        {
          "file": "libs/ui/auth/src/lib/types.ts",
          "hash": "15428591829228685992",
          "deps": [
            "ui-generated"
          ]
        },
        {
          "file": "libs/ui/auth/tsconfig.json",
          "hash": "13907040950227867846"
        },
        {
          "file": "libs/ui/auth/tsconfig.lib.json",
          "hash": "12782505187182166395"
        },
        {
          "file": "libs/ui/auth/tsconfig.spec.json",
          "hash": "622485232520597903"
        }
      ],
      "ui-utils": [
        {
          "file": "libs/ui/utils/.eslintrc.json",
          "hash": "9703569748258640057"
        },
        {
          "file": "libs/ui/utils/README.md",
          "hash": "15440535290856377924"
        },
        {
          "file": "libs/ui/utils/jest.config.ts",
          "hash": "4894135506905598137"
        },
        {
          "file": "libs/ui/utils/project.json",
          "hash": "7860453341213536502"
        },
        {
          "file": "libs/ui/utils/src/index.ts",
          "hash": "16395369258513912128"
        },
        {
          "file": "libs/ui/utils/src/lib/async-confirm.ts",
          "hash": "6838189801254598863"
        },
        {
          "file": "libs/ui/utils/src/lib/storage.ts",
          "hash": "7660884552735461752"
        },
        {
          "file": "libs/ui/utils/tsconfig.json",
          "hash": "1098465750514412960"
        },
        {
          "file": "libs/ui/utils/tsconfig.lib.json",
          "hash": "5554291030212586824"
        },
        {
          "file": "libs/ui/utils/tsconfig.spec.json",
          "hash": "9110660443763673899"
        }
      ]
    }
  }
}
